"ChronID","NormID","Books","Chapter","Testament"
1,1,"Genesis",1,"O"
2,2,"Genesis",2,"O"
3,3,"Genesis",3,"O"
4,4,"Genesis",4,"O"
5,5,"Genesis",5,"O"
6,6,"Genesis",6,"O"
7,7,"Genesis",7,"O"
8,8,"Genesis",8,"O"
9,9,"Genesis",9,"O"
10,10,"Genesis",10,"O"
11,11,"Genesis",11,"O"
54,12,"Genesis",12,"O"
55,13,"Genesis",13,"O"
56,14,"Genesis",14,"O"
57,15,"Genesis",15,"O"
58,16,"Genesis",16,"O"
59,17,"Genesis",17,"O"
60,18,"Genesis",18,"O"
61,19,"Genesis",19,"O"
62,20,"Genesis",20,"O"
63,21,"Genesis",21,"O"
64,22,"Genesis",22,"O"
65,23,"Genesis",23,"O"
66,24,"Genesis",24,"O"
67,25,"Genesis",25,"O"
68,26,"Genesis",26,"O"
69,27,"Genesis",27,"O"
70,28,"Genesis",28,"O"
71,29,"Genesis",29,"O"
72,30,"Genesis",30,"O"
73,31,"Genesis",31,"O"
74,32,"Genesis",32,"O"
75,33,"Genesis",33,"O"
76,34,"Genesis",34,"O"
77,35,"Genesis",35,"O"
78,36,"Genesis",36,"O"
79,37,"Genesis",37,"O"
80,38,"Genesis",38,"O"
81,39,"Genesis",39,"O"
82,40,"Genesis",40,"O"
83,41,"Genesis",41,"O"
84,42,"Genesis",42,"O"
85,43,"Genesis",43,"O"
86,44,"Genesis",44,"O"
87,45,"Genesis",45,"O"
88,46,"Genesis",46,"O"
89,47,"Genesis",47,"O"
90,48,"Genesis",48,"O"
91,49,"Genesis",49,"O"
92,50,"Genesis",50,"O"
93,51,"Exodus",1,"O"
94,52,"Exodus",2,"O"
95,53,"Exodus",3,"O"
96,54,"Exodus",4,"O"
97,55,"Exodus",5,"O"
98,56,"Exodus",6,"O"
99,57,"Exodus",7,"O"
100,58,"Exodus",8,"O"
101,59,"Exodus",9,"O"
102,60,"Exodus",10,"O"
103,61,"Exodus",11,"O"
104,62,"Exodus",12,"O"
105,63,"Exodus",13,"O"
106,64,"Exodus",14,"O"
107,65,"Exodus",15,"O"
108,66,"Exodus",16,"O"
109,67,"Exodus",17,"O"
110,68,"Exodus",18,"O"
111,69,"Exodus",19,"O"
112,70,"Exodus",20,"O"
113,71,"Exodus",21,"O"
114,72,"Exodus",22,"O"
115,73,"Exodus",23,"O"
116,74,"Exodus",24,"O"
117,75,"Exodus",25,"O"
118,76,"Exodus",26,"O"
119,77,"Exodus",27,"O"
120,78,"Exodus",28,"O"
121,79,"Exodus",29,"O"
122,80,"Exodus",30,"O"
123,81,"Exodus",31,"O"
124,82,"Exodus",32,"O"
125,83,"Exodus",33,"O"
126,84,"Exodus",34,"O"
127,85,"Exodus",35,"O"
128,86,"Exodus",36,"O"
129,87,"Exodus",37,"O"
130,88,"Exodus",38,"O"
131,89,"Exodus",39,"O"
132,90,"Exodus",40,"O"
133,91,"Leviticus",1,"O"
134,92,"Leviticus",2,"O"
135,93,"Leviticus",3,"O"
136,94,"Leviticus",4,"O"
137,95,"Leviticus",5,"O"
138,96,"Leviticus",6,"O"
139,97,"Leviticus",7,"O"
140,98,"Leviticus",8,"O"
141,99,"Leviticus",9,"O"
142,100,"Leviticus",10,"O"
143,101,"Leviticus",11,"O"
144,102,"Leviticus",12,"O"
145,103,"Leviticus",13,"O"
146,104,"Leviticus",14,"O"
147,105,"Leviticus",15,"O"
148,106,"Leviticus",16,"O"
149,107,"Leviticus",17,"O"
150,108,"Leviticus",18,"O"
151,109,"Leviticus",19,"O"
152,110,"Leviticus",20,"O"
153,111,"Leviticus",21,"O"
154,112,"Leviticus",22,"O"
155,113,"Leviticus",23,"O"
156,114,"Leviticus",24,"O"
157,115,"Leviticus",25,"O"
158,116,"Leviticus",26,"O"
159,117,"Leviticus",27,"O"
160,118,"Numbers",1,"O"
161,119,"Numbers",2,"O"
162,120,"Numbers",3,"O"
163,121,"Numbers",4,"O"
164,122,"Numbers",5,"O"
165,123,"Numbers",6,"O"
166,124,"Numbers",7,"O"
167,125,"Numbers",8,"O"
168,126,"Numbers",9,"O"
169,127,"Numbers",10,"O"
170,128,"Numbers",11,"O"
171,129,"Numbers",12,"O"
172,130,"Numbers",13,"O"
173,131,"Numbers",14,"O"
174,132,"Numbers",15,"O"
176,133,"Numbers",16,"O"
177,134,"Numbers",17,"O"
178,135,"Numbers",18,"O"
179,136,"Numbers",19,"O"
180,137,"Numbers",20,"O"
181,138,"Numbers",21,"O"
182,139,"Numbers",22,"O"
183,140,"Numbers",23,"O"
184,141,"Numbers",24,"O"
185,142,"Numbers",25,"O"
186,143,"Numbers",26,"O"
187,144,"Numbers",27,"O"
188,145,"Numbers",28,"O"
189,146,"Numbers",29,"O"
190,147,"Numbers",30,"O"
191,148,"Numbers",31,"O"
192,149,"Numbers",32,"O"
193,150,"Numbers",33,"O"
194,151,"Numbers",34,"O"
195,152,"Numbers",35,"O"
196,153,"Numbers",36,"O"
197,154,"Deuteronomy",1,"O"
198,155,"Deuteronomy",2,"O"
199,156,"Deuteronomy",3,"O"
200,157,"Deuteronomy",4,"O"
201,158,"Deuteronomy",5,"O"
202,159,"Deuteronomy",6,"O"
203,160,"Deuteronomy",7,"O"
204,161,"Deuteronomy",8,"O"
205,162,"Deuteronomy",9,"O"
206,163,"Deuteronomy",10,"O"
207,164,"Deuteronomy",11,"O"
208,165,"Deuteronomy",12,"O"
209,166,"Deuteronomy",13,"O"
210,167,"Deuteronomy",14,"O"
211,168,"Deuteronomy",15,"O"
212,169,"Deuteronomy",16,"O"
213,170,"Deuteronomy",17,"O"
214,171,"Deuteronomy",18,"O"
215,172,"Deuteronomy",19,"O"
216,173,"Deuteronomy",20,"O"
217,174,"Deuteronomy",21,"O"
218,175,"Deuteronomy",22,"O"
219,176,"Deuteronomy",23,"O"
220,177,"Deuteronomy",24,"O"
221,178,"Deuteronomy",25,"O"
222,179,"Deuteronomy",26,"O"
223,180,"Deuteronomy",27,"O"
224,181,"Deuteronomy",28,"O"
225,182,"Deuteronomy",29,"O"
226,183,"Deuteronomy",30,"O"
227,184,"Deuteronomy",31,"O"
228,185,"Deuteronomy",32,"O"
229,186,"Deuteronomy",33,"O"
230,187,"Deuteronomy",34,"O"
232,188,"Joshua",1,"O"
233,189,"Joshua",2,"O"
234,190,"Joshua",3,"O"
235,191,"Joshua",4,"O"
236,192,"Joshua",5,"O"
237,193,"Joshua",6,"O"
238,194,"Joshua",7,"O"
239,195,"Joshua",8,"O"
240,196,"Joshua",9,"O"
241,197,"Joshua",10,"O"
242,198,"Joshua",11,"O"
243,199,"Joshua",12,"O"
244,200,"Joshua",13,"O"
245,201,"Joshua",14,"O"
246,202,"Joshua",15,"O"
247,203,"Joshua",16,"O"
248,204,"Joshua",17,"O"
249,205,"Joshua",18,"O"
250,206,"Joshua",19,"O"
251,207,"Joshua",20,"O"
252,208,"Joshua",21,"O"
253,209,"Joshua",22,"O"
254,210,"Joshua",23,"O"
255,211,"Joshua",24,"O"
256,212,"Judges",1,"O"
257,213,"Judges",2,"O"
258,214,"Judges",3,"O"
259,215,"Judges",4,"O"
260,216,"Judges",5,"O"
261,217,"Judges",6,"O"
262,218,"Judges",7,"O"
263,219,"Judges",8,"O"
264,220,"Judges",9,"O"
265,221,"Judges",10,"O"
266,222,"Judges",11,"O"
267,223,"Judges",12,"O"
268,224,"Judges",13,"O"
269,225,"Judges",14,"O"
270,226,"Judges",15,"O"
271,227,"Judges",16,"O"
272,228,"Judges",17,"O"
273,229,"Judges",18,"O"
274,230,"Judges",19,"O"
275,231,"Judges",20,"O"
276,232,"Judges",21,"O"
277,233,"Ruth",1,"O"
278,234,"Ruth",2,"O"
279,235,"Ruth",3,"O"
280,236,"Ruth",4,"O"
281,237,"1 Samuel",1,"O"
282,238,"1 Samuel",2,"O"
283,239,"1 Samuel",3,"O"
284,240,"1 Samuel",4,"O"
285,241,"1 Samuel",5,"O"
286,242,"1 Samuel",6,"O"
287,243,"1 Samuel",7,"O"
288,244,"1 Samuel",8,"O"
289,245,"1 Samuel",9,"O"
290,246,"1 Samuel",10,"O"
291,247,"1 Samuel",11,"O"
292,248,"1 Samuel",12,"O"
293,249,"1 Samuel",13,"O"
294,250,"1 Samuel",14,"O"
295,251,"1 Samuel",15,"O"
296,252,"1 Samuel",16,"O"
297,253,"1 Samuel",17,"O"
298,254,"1 Samuel",18,"O"
299,255,"1 Samuel",19,"O"
300,256,"1 Samuel",20,"O"
303,257,"1 Samuel",21,"O"
304,258,"1 Samuel",22,"O"
305,259,"1 Samuel",23,"O"
306,260,"1 Samuel",24,"O"
317,261,"1 Samuel",25,"O"
318,262,"1 Samuel",26,"O"
319,263,"1 Samuel",27,"O"
324,264,"1 Samuel",28,"O"
325,265,"1 Samuel",29,"O"
326,266,"1 Samuel",30,"O"
327,267,"1 Samuel",31,"O"
336,268,"2 Samuel",1,"O"
337,269,"2 Samuel",2,"O"
338,270,"2 Samuel",3,"O"
339,271,"2 Samuel",4,"O"
375,272,"2 Samuel",5,"O"
399,273,"2 Samuel",6,"O"
400,274,"2 Samuel",7,"O"
407,275,"2 Samuel",8,"O"
408,276,"2 Samuel",9,"O"
414,277,"2 Samuel",10,"O"
422,278,"2 Samuel",11,"O"
423,279,"2 Samuel",12,"O"
429,280,"2 Samuel",13,"O"
430,281,"2 Samuel",14,"O"
431,282,"2 Samuel",15,"O"
438,283,"2 Samuel",16,"O"
439,284,"2 Samuel",17,"O"
440,285,"2 Samuel",18,"O"
447,286,"2 Samuel",19,"O"
448,287,"2 Samuel",20,"O"
449,288,"2 Samuel",21,"O"
454,289,"2 Samuel",22,"O"
455,290,"2 Samuel",23,"O"
461,291,"2 Samuel",24,"O"
490,292,"1 Kings",1,"O"
491,293,"1 Kings",2,"O"
496,294,"1 Kings",3,"O"
497,295,"1 Kings",4,"O"
532,296,"1 Kings",5,"O"
533,297,"1 Kings",6,"O"
536,298,"1 Kings",7,"O"
538,299,"1 Kings",8,"O"
549,300,"1 Kings",9,"O"
568,301,"1 Kings",10,"O"
569,302,"1 Kings",11,"O"
573,303,"1 Kings",12,"O"
574,304,"1 Kings",13,"O"
575,305,"1 Kings",14,"O"
579,306,"1 Kings",15,"O"
584,307,"1 Kings",16,"O"
586,308,"1 Kings",17,"O"
587,309,"1 Kings",18,"O"
588,310,"1 Kings",19,"O"
589,311,"1 Kings",20,"O"
590,312,"1 Kings",21,"O"
591,313,"1 Kings",22,"O"
601,314,"2 Kings",1,"O"
602,315,"2 Kings",2,"O"
603,316,"2 Kings",3,"O"
604,317,"2 Kings",4,"O"
605,318,"2 Kings",5,"O"
606,319,"2 Kings",6,"O"
607,320,"2 Kings",7,"O"
608,321,"2 Kings",8,"O"
609,322,"2 Kings",9,"O"
610,323,"2 Kings",10,"O"
611,324,"2 Kings",11,"O"
612,325,"2 Kings",12,"O"
613,326,"2 Kings",13,"O"
615,327,"2 Kings",14,"O"
621,328,"2 Kings",15,"O"
653,329,"2 Kings",16,"O"
654,330,"2 Kings",17,"O"
670,331,"2 Kings",18,"O"
711,332,"2 Kings",19,"O"
733,333,"2 Kings",20,"O"
734,334,"2 Kings",21,"O"
740,335,"2 Kings",22,"O"
741,336,"2 Kings",23,"O"
789,337,"2 Kings",24,"O"
790,338,"2 Kings",25,"O"
348,339,"1 Chronicles",1,"O"
349,340,"1 Chronicles",2,"O"
357,341,"1 Chronicles",3,"O"
358,342,"1 Chronicles",4,"O"
359,343,"1 Chronicles",5,"O"
363,344,"1 Chronicles",6,"O"
368,345,"1 Chronicles",7,"O"
369,346,"1 Chronicles",8,"O"
370,347,"1 Chronicles",9,"O"
371,348,"1 Chronicles",10,"O"
376,349,"1 Chronicles",11,"O"
377,350,"1 Chronicles",12,"O"
381,351,"1 Chronicles",13,"O"
382,352,"1 Chronicles",14,"O"
383,353,"1 Chronicles",15,"O"
384,354,"1 Chronicles",16,"O"
401,355,"1 Chronicles",17,"O"
409,356,"1 Chronicles",18,"O"
415,357,"1 Chronicles",19,"O"
424,358,"1 Chronicles",20,"O"
462,359,"1 Chronicles",21,"O"
463,360,"1 Chronicles",22,"O"
468,361,"1 Chronicles",23,"O"
469,362,"1 Chronicles",24,"O"
470,363,"1 Chronicles",25,"O"
477,364,"1 Chronicles",26,"O"
478,365,"1 Chronicles",27,"O"
479,366,"1 Chronicles",28,"O"
480,367,"1 Chronicles",29,"O"
498,368,"2 Chronicles",1,"O"
534,369,"2 Chronicles",2,"O"
535,370,"2 Chronicles",3,"O"
537,371,"2 Chronicles",4,"O"
539,372,"2 Chronicles",5,"O"
540,373,"2 Chronicles",6,"O"
541,374,"2 Chronicles",7,"O"
550,375,"2 Chronicles",8,"O"
570,376,"2 Chronicles",9,"O"
576,377,"2 Chronicles",10,"O"
577,378,"2 Chronicles",11,"O"
578,379,"2 Chronicles",12,"O"
580,380,"2 Chronicles",13,"O"
581,381,"2 Chronicles",14,"O"
582,382,"2 Chronicles",15,"O"
583,383,"2 Chronicles",16,"O"
585,384,"2 Chronicles",17,"O"
592,385,"2 Chronicles",18,"O"
593,386,"2 Chronicles",19,"O"
594,387,"2 Chronicles",20,"O"
595,388,"2 Chronicles",21,"O"
596,389,"2 Chronicles",22,"O"
597,390,"2 Chronicles",23,"O"
614,391,"2 Chronicles",24,"O"
616,392,"2 Chronicles",25,"O"
622,393,"2 Chronicles",26,"O"
640,394,"2 Chronicles",27,"O"
652,395,"2 Chronicles",28,"O"
671,396,"2 Chronicles",29,"O"
672,397,"2 Chronicles",30,"O"
673,398,"2 Chronicles",31,"O"
735,399,"2 Chronicles",32,"O"
736,400,"2 Chronicles",33,"O"
742,401,"2 Chronicles",34,"O"
743,402,"2 Chronicles",35,"O"
791,403,"2 Chronicles",36,"O"
875,404,"Ezra",1,"O"
876,405,"Ezra",2,"O"
877,406,"Ezra",3,"O"
878,407,"Ezra",4,"O"
879,408,"Ezra",5,"O"
880,409,"Ezra",6,"O"
908,410,"Ezra",7,"O"
909,411,"Ezra",8,"O"
910,412,"Ezra",9,"O"
911,413,"Ezra",10,"O"
912,414,"Nehemiah",1,"O"
913,415,"Nehemiah",2,"O"
914,416,"Nehemiah",3,"O"
915,417,"Nehemiah",4,"O"
916,418,"Nehemiah",5,"O"
917,419,"Nehemiah",6,"O"
918,420,"Nehemiah",7,"O"
919,421,"Nehemiah",8,"O"
920,422,"Nehemiah",9,"O"
921,423,"Nehemiah",10,"O"
922,424,"Nehemiah",11,"O"
923,425,"Nehemiah",12,"O"
924,426,"Nehemiah",13,"O"
898,427,"Esther",1,"O"
899,428,"Esther",2,"O"
900,429,"Esther",3,"O"
901,430,"Esther",4,"O"
902,431,"Esther",5,"O"
903,432,"Esther",6,"O"
904,433,"Esther",7,"O"
905,434,"Esther",8,"O"
906,435,"Esther",9,"O"
907,436,"Esther",10,"O"
12,437,"Job",1,"O"
13,438,"Job",2,"O"
14,439,"Job",3,"O"
15,440,"Job",4,"O"
16,441,"Job",5,"O"
17,442,"Job",6,"O"
18,443,"Job",7,"O"
19,444,"Job",8,"O"
20,445,"Job",9,"O"
21,446,"Job",10,"O"
22,447,"Job",11,"O"
23,448,"Job",12,"O"
24,449,"Job",13,"O"
25,450,"Job",14,"O"
26,451,"Job",15,"O"
27,452,"Job",16,"O"
28,453,"Job",17,"O"
29,454,"Job",18,"O"
30,455,"Job",19,"O"
31,456,"Job",20,"O"
32,457,"Job",21,"O"
33,458,"Job",22,"O"
34,459,"Job",23,"O"
35,460,"Job",24,"O"
36,461,"Job",25,"O"
37,462,"Job",26,"O"
38,463,"Job",27,"O"
39,464,"Job",28,"O"
40,465,"Job",29,"O"
41,466,"Job",30,"O"
42,467,"Job",31,"O"
43,468,"Job",32,"O"
44,469,"Job",33,"O"
45,470,"Job",34,"O"
46,471,"Job",35,"O"
47,472,"Job",36,"O"
48,473,"Job",37,"O"
49,474,"Job",38,"O"
50,475,"Job",39,"O"
51,476,"Job",40,"O"
52,477,"Job",41,"O"
53,478,"Job",42,"O"
385,479,"Psalm",1,"O"
386,480,"Psalm",2,"O"
432,481,"Psalm",3,"O"
433,482,"Psalm",4,"O"
450,483,"Psalm",5,"O"
340,484,"Psalm",6,"O"
307,485,"Psalm",7,"O"
341,486,"Psalm",8,"O"
342,487,"Psalm",9,"O"
343,488,"Psalm",10,"O"
301,489,"Psalm",11,"O"
434,490,"Psalm",12,"O"
435,491,"Psalm",13,"O"
344,492,"Psalm",14,"O"
387,493,"Psalm",15,"O"
345,494,"Psalm",16,"O"
320,495,"Psalm",17,"O"
328,496,"Psalm",18,"O"
346,497,"Psalm",19,"O"
416,498,"Psalm",20,"O"
347,499,"Psalm",21,"O"
388,500,"Psalm",22,"O"
389,501,"Psalm",23,"O"
390,502,"Psalm",24,"O"
402,503,"Psalm",25,"O"
441,504,"Psalm",26,"O"
308,505,"Psalm",27,"O"
436,506,"Psalm",28,"O"
403,507,"Psalm",29,"O"
464,508,"Psalm",30,"O"
309,509,"Psalm",31,"O"
425,510,"Psalm",32,"O"
404,511,"Psalm",33,"O"
310,512,"Psalm",34,"O"
321,513,"Psalm",35,"O"
405,514,"Psalm",36,"O"
492,515,"Psalm",37,"O"
451,516,"Psalm",38,"O"
406,517,"Psalm",39,"O"
442,518,"Psalm",40,"O"
452,519,"Psalm",41,"O"
453,520,"Psalm",42,"O"
350,521,"Psalm",43,"O"
351,522,"Psalm",44,"O"
352,523,"Psalm",45,"O"
712,524,"Psalm",46,"O"
391,525,"Psalm",47,"O"
674,526,"Psalm",48,"O"
353,527,"Psalm",49,"O"
410,528,"Psalm",50,"O"
426,529,"Psalm",51,"O"
311,530,"Psalm",52,"O"
411,531,"Psalm",53,"O"
322,532,"Psalm",54,"O"
437,533,"Psalm",55,"O"
312,534,"Psalm",56,"O"
456,535,"Psalm",57,"O"
443,536,"Psalm",58,"O"
302,537,"Psalm",59,"O"
412,538,"Psalm",60,"O"
444,539,"Psalm",61,"O"
445,540,"Psalm",62,"O"
323,541,"Psalm",63,"O"
446,542,"Psalm",64,"O"
417,543,"Psalm",65,"O"
418,544,"Psalm",66,"O"
419,545,"Psalm",67,"O"
392,546,"Psalm",68,"O"
420,547,"Psalm",69,"O"
421,548,"Psalm",70,"O"
493,549,"Psalm",71,"O"
499,550,"Psalm",72,"O"
360,551,"Psalm",73,"O"
787,552,"Psalm",74,"O"
413,553,"Psalm",75,"O"
701,554,"Psalm",76,"O"
361,555,"Psalm",77,"O"
362,556,"Psalm",78,"O"
788,557,"Psalm",79,"O"
713,558,"Psalm",80,"O"
364,559,"Psalm",81,"O"
599,560,"Psalm",82,"O"
600,561,"Psalm",83,"O"
354,562,"Psalm",84,"O"
355,563,"Psalm",85,"O"
427,564,"Psalm",86,"O"
356,565,"Psalm",87,"O"
365,566,"Psalm",88,"O"
393,567,"Psalm",89,"O"
175,568,"Psalm",90,"O"
231,569,"Psalm",91,"O"
366,570,"Psalm",92,"O"
367,571,"Psalm",93,"O"
494,572,"Psalm",94,"O"
457,573,"Psalm",95,"O"
394,574,"Psalm",96,"O"
458,575,"Psalm",97,"O"
459,576,"Psalm",98,"O"
460,577,"Psalm",99,"O"
395,578,"Psalm",100,"O"
396,579,"Psalm",101,"O"
372,580,"Psalm",102,"O"
373,581,"Psalm",103,"O"
374,582,"Psalm",104,"O"
397,583,"Psalm",105,"O"
379,584,"Psalm",106,"O"
380,585,"Psalm",107,"O"
465,586,"Psalm",108,"O"
466,587,"Psalm",109,"O"
467,588,"Psalm",110,"O"
482,589,"Psalm",111,"O"
483,590,"Psalm",112,"O"
484,591,"Psalm",113,"O"
485,592,"Psalm",114,"O"
486,593,"Psalm",115,"O"
487,594,"Psalm",116,"O"
488,595,"Psalm",117,"O"
489,596,"Psalm",118,"O"
495,597,"Psalm",119,"O"
313,598,"Psalm",120,"O"
329,599,"Psalm",121,"O"
428,600,"Psalm",122,"O"
330,601,"Psalm",123,"O"
331,602,"Psalm",124,"O"
332,603,"Psalm",125,"O"
925,604,"Psalm",126,"O"
481,605,"Psalm",127,"O"
333,606,"Psalm",128,"O"
334,607,"Psalm",129,"O"
335,608,"Psalm",130,"O"
471,609,"Psalm",131,"O"
398,610,"Psalm",132,"O"
378,611,"Psalm",133,"O"
543,612,"Psalm",134,"O"
714,613,"Psalm",135,"O"
542,614,"Psalm",136,"O"
881,615,"Psalm",137,"O"
472,616,"Psalm",138,"O"
473,617,"Psalm",139,"O"
314,618,"Psalm",140,"O"
315,619,"Psalm",141,"O"
316,620,"Psalm",142,"O"
474,621,"Psalm",143,"O"
475,622,"Psalm",144,"O"
476,623,"Psalm",145,"O"
544,624,"Psalm",146,"O"
545,625,"Psalm",147,"O"
546,626,"Psalm",148,"O"
547,627,"Psalm",149,"O"
548,628,"Psalm",150,"O"
508,629,"Proverbs",1,"O"
509,630,"Proverbs",2,"O"
510,631,"Proverbs",3,"O"
511,632,"Proverbs",4,"O"
512,633,"Proverbs",5,"O"
513,634,"Proverbs",6,"O"
514,635,"Proverbs",7,"O"
515,636,"Proverbs",8,"O"
516,637,"Proverbs",9,"O"
517,638,"Proverbs",10,"O"
518,639,"Proverbs",11,"O"
519,640,"Proverbs",12,"O"
520,641,"Proverbs",13,"O"
521,642,"Proverbs",14,"O"
522,643,"Proverbs",15,"O"
523,644,"Proverbs",16,"O"
524,645,"Proverbs",17,"O"
525,646,"Proverbs",18,"O"
526,647,"Proverbs",19,"O"
527,648,"Proverbs",20,"O"
528,649,"Proverbs",21,"O"
529,650,"Proverbs",22,"O"
530,651,"Proverbs",23,"O"
531,652,"Proverbs",24,"O"
551,653,"Proverbs",25,"O"
552,654,"Proverbs",26,"O"
553,655,"Proverbs",27,"O"
554,656,"Proverbs",28,"O"
555,657,"Proverbs",29,"O"
571,658,"Proverbs",30,"O"
572,659,"Proverbs",31,"O"
556,660,"Ecclesiastes",1,"O"
557,661,"Ecclesiastes",2,"O"
558,662,"Ecclesiastes",3,"O"
559,663,"Ecclesiastes",4,"O"
560,664,"Ecclesiastes",5,"O"
561,665,"Ecclesiastes",6,"O"
562,666,"Ecclesiastes",7,"O"
563,667,"Ecclesiastes",8,"O"
564,668,"Ecclesiastes",9,"O"
565,669,"Ecclesiastes",10,"O"
566,670,"Ecclesiastes",11,"O"
567,671,"Ecclesiastes",12,"O"
500,672,"Song of Solomon",1,"O"
501,673,"Song of Solomon",2,"O"
502,674,"Song of Solomon",3,"O"
503,675,"Song of Solomon",4,"O"
504,676,"Song of Solomon",5,"O"
505,677,"Song of Solomon",6,"O"
506,678,"Song of Solomon",7,"O"
507,679,"Song of Solomon",8,"O"
623,680,"Isaiah",1,"O"
624,681,"Isaiah",2,"O"
625,682,"Isaiah",3,"O"
626,683,"Isaiah",4,"O"
627,684,"Isaiah",5,"O"
628,685,"Isaiah",6,"O"
629,686,"Isaiah",7,"O"
630,687,"Isaiah",8,"O"
641,688,"Isaiah",9,"O"
642,689,"Isaiah",10,"O"
643,690,"Isaiah",11,"O"
644,691,"Isaiah",12,"O"
655,692,"Isaiah",13,"O"
656,693,"Isaiah",14,"O"
657,694,"Isaiah",15,"O"
658,695,"Isaiah",16,"O"
659,696,"Isaiah",17,"O"
660,697,"Isaiah",18,"O"
661,698,"Isaiah",19,"O"
662,699,"Isaiah",20,"O"
663,700,"Isaiah",21,"O"
664,701,"Isaiah",22,"O"
665,702,"Isaiah",23,"O"
666,703,"Isaiah",24,"O"
667,704,"Isaiah",25,"O"
668,705,"Isaiah",26,"O"
669,706,"Isaiah",27,"O"
689,707,"Isaiah",28,"O"
690,708,"Isaiah",29,"O"
691,709,"Isaiah",30,"O"
692,710,"Isaiah",31,"O"
693,711,"Isaiah",32,"O"
694,712,"Isaiah",33,"O"
695,713,"Isaiah",34,"O"
696,714,"Isaiah",35,"O"
697,715,"Isaiah",36,"O"
698,716,"Isaiah",37,"O"
699,717,"Isaiah",38,"O"
700,718,"Isaiah",39,"O"
702,719,"Isaiah",40,"O"
703,720,"Isaiah",41,"O"
704,721,"Isaiah",42,"O"
705,722,"Isaiah",43,"O"
706,723,"Isaiah",44,"O"
707,724,"Isaiah",45,"O"
708,725,"Isaiah",46,"O"
709,726,"Isaiah",47,"O"
710,727,"Isaiah",48,"O"
715,728,"Isaiah",49,"O"
716,729,"Isaiah",50,"O"
717,730,"Isaiah",51,"O"
718,731,"Isaiah",52,"O"
719,732,"Isaiah",53,"O"
720,733,"Isaiah",54,"O"
721,734,"Isaiah",55,"O"
722,735,"Isaiah",56,"O"
723,736,"Isaiah",57,"O"
724,737,"Isaiah",58,"O"
725,738,"Isaiah",59,"O"
726,739,"Isaiah",60,"O"
727,740,"Isaiah",61,"O"
728,741,"Isaiah",62,"O"
729,742,"Isaiah",63,"O"
730,743,"Isaiah",64,"O"
731,744,"Isaiah",65,"O"
732,745,"Isaiah",66,"O"
747,746,"Jeremiah",1,"O"
748,747,"Jeremiah",2,"O"
749,748,"Jeremiah",3,"O"
750,749,"Jeremiah",4,"O"
751,750,"Jeremiah",5,"O"
752,751,"Jeremiah",6,"O"
753,752,"Jeremiah",7,"O"
754,753,"Jeremiah",8,"O"
755,754,"Jeremiah",9,"O"
756,755,"Jeremiah",10,"O"
757,756,"Jeremiah",11,"O"
758,757,"Jeremiah",12,"O"
759,758,"Jeremiah",13,"O"
760,759,"Jeremiah",14,"O"
761,760,"Jeremiah",15,"O"
762,761,"Jeremiah",16,"O"
763,762,"Jeremiah",17,"O"
764,763,"Jeremiah",18,"O"
765,764,"Jeremiah",19,"O"
766,765,"Jeremiah",20,"O"
767,766,"Jeremiah",21,"O"
768,767,"Jeremiah",22,"O"
769,768,"Jeremiah",23,"O"
770,769,"Jeremiah",24,"O"
771,770,"Jeremiah",25,"O"
772,771,"Jeremiah",26,"O"
773,772,"Jeremiah",27,"O"
774,773,"Jeremiah",28,"O"
775,774,"Jeremiah",29,"O"
776,775,"Jeremiah",30,"O"
777,776,"Jeremiah",31,"O"
778,777,"Jeremiah",32,"O"
779,778,"Jeremiah",33,"O"
780,779,"Jeremiah",34,"O"
781,780,"Jeremiah",35,"O"
782,781,"Jeremiah",36,"O"
783,782,"Jeremiah",37,"O"
784,783,"Jeremiah",38,"O"
785,784,"Jeremiah",39,"O"
786,785,"Jeremiah",40,"O"
795,786,"Jeremiah",41,"O"
796,787,"Jeremiah",42,"O"
797,788,"Jeremiah",43,"O"
798,789,"Jeremiah",44,"O"
799,790,"Jeremiah",45,"O"
800,791,"Jeremiah",46,"O"
801,792,"Jeremiah",47,"O"
802,793,"Jeremiah",48,"O"
803,794,"Jeremiah",49,"O"
804,795,"Jeremiah",50,"O"
805,796,"Jeremiah",51,"O"
806,797,"Jeremiah",52,"O"
807,798,"Lamentations",1,"O"
808,799,"Lamentations",2,"O"
809,800,"Lamentations",3,"O"
810,801,"Lamentations",4,"O"
811,802,"Lamentations",5,"O"
812,803,"Ezekiel",1,"O"
813,804,"Ezekiel",2,"O"
814,805,"Ezekiel",3,"O"
815,806,"Ezekiel",4,"O"
816,807,"Ezekiel",5,"O"
817,808,"Ezekiel",6,"O"
818,809,"Ezekiel",7,"O"
819,810,"Ezekiel",8,"O"
820,811,"Ezekiel",9,"O"
821,812,"Ezekiel",10,"O"
822,813,"Ezekiel",11,"O"
823,814,"Ezekiel",12,"O"
824,815,"Ezekiel",13,"O"
825,816,"Ezekiel",14,"O"
826,817,"Ezekiel",15,"O"
827,818,"Ezekiel",16,"O"
828,819,"Ezekiel",17,"O"
829,820,"Ezekiel",18,"O"
830,821,"Ezekiel",19,"O"
831,822,"Ezekiel",20,"O"
832,823,"Ezekiel",21,"O"
833,824,"Ezekiel",22,"O"
834,825,"Ezekiel",23,"O"
835,826,"Ezekiel",24,"O"
836,827,"Ezekiel",25,"O"
837,828,"Ezekiel",26,"O"
838,829,"Ezekiel",27,"O"
839,830,"Ezekiel",28,"O"
840,831,"Ezekiel",29,"O"
841,832,"Ezekiel",30,"O"
842,833,"Ezekiel",31,"O"
843,834,"Ezekiel",32,"O"
844,835,"Ezekiel",33,"O"
845,836,"Ezekiel",34,"O"
846,837,"Ezekiel",35,"O"
847,838,"Ezekiel",36,"O"
848,839,"Ezekiel",37,"O"
849,840,"Ezekiel",38,"O"
850,841,"Ezekiel",39,"O"
851,842,"Ezekiel",40,"O"
852,843,"Ezekiel",41,"O"
853,844,"Ezekiel",42,"O"
854,845,"Ezekiel",43,"O"
855,846,"Ezekiel",44,"O"
856,847,"Ezekiel",45,"O"
857,848,"Ezekiel",46,"O"
858,849,"Ezekiel",47,"O"
859,850,"Ezekiel",48,"O"
863,851,"Daniel",1,"O"
864,852,"Daniel",2,"O"
865,853,"Daniel",3,"O"
866,854,"Daniel",4,"O"
867,855,"Daniel",5,"O"
868,856,"Daniel",6,"O"
869,857,"Daniel",7,"O"
870,858,"Daniel",8,"O"
871,859,"Daniel",9,"O"
872,860,"Daniel",10,"O"
873,861,"Daniel",11,"O"
874,862,"Daniel",12,"O"
675,863,"Hosea",1,"O"
676,864,"Hosea",2,"O"
677,865,"Hosea",3,"O"
678,866,"Hosea",4,"O"
679,867,"Hosea",5,"O"
680,868,"Hosea",6,"O"
681,869,"Hosea",7,"O"
682,870,"Hosea",8,"O"
683,871,"Hosea",9,"O"
684,872,"Hosea",10,"O"
685,873,"Hosea",11,"O"
686,874,"Hosea",12,"O"
687,875,"Hosea",13,"O"
688,876,"Hosea",14,"O"
860,877,"Joel",1,"O"
861,878,"Joel",2,"O"
862,879,"Joel",3,"O"
631,880,"Amos",1,"O"
632,881,"Amos",2,"O"
633,882,"Amos",3,"O"
634,883,"Amos",4,"O"
635,884,"Amos",5,"O"
636,885,"Amos",6,"O"
637,886,"Amos",7,"O"
638,887,"Amos",8,"O"
639,888,"Amos",9,"O"
598,889,"Obadiah",1,"O"
617,890,"Jonah",1,"O"
618,891,"Jonah",2,"O"
619,892,"Jonah",3,"O"
620,893,"Jonah",4,"O"
645,894,"Micah",1,"O"
646,895,"Micah",2,"O"
647,896,"Micah",3,"O"
648,897,"Micah",4,"O"
649,898,"Micah",5,"O"
650,899,"Micah",6,"O"
651,900,"Micah",7,"O"
737,901,"Nahum",1,"O"
738,902,"Nahum",2,"O"
739,903,"Nahum",3,"O"
792,904,"Habakkuk",1,"O"
793,905,"Habakkuk",2,"O"
794,906,"Habakkuk",3,"O"
744,907,"Zephaniah",1,"O"
745,908,"Zephaniah",2,"O"
746,909,"Zephaniah",3,"O"
882,910,"Haggai",1,"O"
883,911,"Haggai",2,"O"
884,912,"Zechariah",1,"O"
885,913,"Zechariah",2,"O"
886,914,"Zechariah",3,"O"
887,915,"Zechariah",4,"O"
888,916,"Zechariah",5,"O"
889,917,"Zechariah",6,"O"
890,918,"Zechariah",7,"O"
891,919,"Zechariah",8,"O"
892,920,"Zechariah",9,"O"
893,921,"Zechariah",10,"O"
894,922,"Zechariah",11,"O"
895,923,"Zechariah",12,"O"
896,924,"Zechariah",13,"O"
897,925,"Zechariah",14,"O"
926,926,"Malachi",1,"O"
927,927,"Malachi",2,"O"
928,928,"Malachi",3,"O"
929,929,"Malachi",4,"O"
932,930,"Matthew",1,"N"
934,931,"Matthew",2,"N"
935,932,"Matthew",3,"N"
938,933,"Matthew",4,"N"
950,934,"Matthew",5,"N"
951,935,"Matthew",6,"N"
952,936,"Matthew",7,"N"
944,937,"Matthew",8,"N"
953,938,"Matthew",9,"N"
961,939,"Matthew",10,"N"
955,940,"Matthew",11,"N"
947,941,"Matthew",12,"N"
957,942,"Matthew",13,"N"
962,943,"Matthew",14,"N"
966,944,"Matthew",15,"N"
968,945,"Matthew",16,"N"
970,946,"Matthew",17,"N"
972,947,"Matthew",18,"N"
986,948,"Matthew",19,"N"
988,949,"Matthew",20,"N"
989,950,"Matthew",21,"N"
993,951,"Matthew",22,"N"
995,952,"Matthew",23,"N"
999,953,"Matthew",24,"N"
1000,954,"Matthew",25,"N"
1001,955,"Matthew",26,"N"
1009,956,"Matthew",27,"N"
1014,957,"Matthew",28,"N"
936,958,"Mark",1,"N"
945,959,"Mark",2,"N"
948,960,"Mark",3,"N"
959,961,"Mark",4,"N"
960,962,"Mark",5,"N"
963,963,"Mark",6,"N"
967,964,"Mark",7,"N"
969,965,"Mark",8,"N"
971,966,"Mark",9,"N"
987,967,"Mark",10,"N"
991,968,"Mark",11,"N"
994,969,"Mark",12,"N"
998,970,"Mark",13,"N"
1002,971,"Mark",14,"N"
1010,972,"Mark",15,"N"
1015,973,"Mark",16,"N"
930,974,"Luke",1,"N"
933,975,"Luke",2,"N"
937,976,"Luke",3,"N"
939,977,"Luke",4,"N"
940,978,"Luke",5,"N"
949,979,"Luke",6,"N"
954,980,"Luke",7,"N"
958,981,"Luke",8,"N"
964,982,"Luke",9,"N"
977,983,"Luke",10,"N"
956,984,"Luke",11,"N"
978,985,"Luke",12,"N"
979,986,"Luke",13,"N"
980,987,"Luke",14,"N"
981,988,"Luke",15,"N"
982,989,"Luke",16,"N"
983,990,"Luke",17,"N"
985,991,"Luke",18,"N"
990,992,"Luke",19,"N"
996,993,"Luke",20,"N"
997,994,"Luke",21,"N"
1003,995,"Luke",22,"N"
1011,996,"Luke",23,"N"
1016,997,"Luke",24,"N"
931,998,"John",1,"N"
941,999,"John",2,"N"
942,1000,"John",3,"N"
943,1001,"John",4,"N"
946,1002,"John",5,"N"
965,1003,"John",6,"N"
973,1004,"John",7,"N"
974,1005,"John",8,"N"
975,1006,"John",9,"N"
976,1007,"John",10,"N"
984,1008,"John",11,"N"
992,1009,"John",12,"N"
1004,1010,"John",13,"N"
1005,1011,"John",14,"N"
1006,1012,"John",15,"N"
1007,1013,"John",16,"N"
1008,1014,"John",17,"N"
1012,1015,"John",18,"N"
1013,1016,"John",19,"N"
1017,1017,"John",20,"N"
1018,1018,"John",21,"N"
1019,1019,"Acts",1,"N"
1020,1020,"Acts",2,"N"
1021,1021,"Acts",3,"N"
1022,1022,"Acts",4,"N"
1023,1023,"Acts",5,"N"
1024,1024,"Acts",6,"N"
1025,1025,"Acts",7,"N"
1026,1026,"Acts",8,"N"
1027,1027,"Acts",9,"N"
1028,1028,"Acts",10,"N"
1029,1029,"Acts",11,"N"
1030,1030,"Acts",12,"N"
1031,1031,"Acts",13,"N"
1032,1032,"Acts",14,"N"
1038,1033,"Acts",15,"N"
1039,1034,"Acts",16,"N"
1046,1035,"Acts",17,"N"
1055,1036,"Acts",18,"N"
1056,1037,"Acts",19,"N"
1102,1038,"Acts",20,"N"
1103,1039,"Acts",21,"N"
1104,1040,"Acts",22,"N"
1105,1041,"Acts",23,"N"
1106,1042,"Acts",24,"N"
1107,1043,"Acts",25,"N"
1108,1044,"Acts",26,"N"
1109,1045,"Acts",27,"N"
1110,1046,"Acts",28,"N"
1086,1047,"Romans",1,"N"
1087,1048,"Romans",2,"N"
1088,1049,"Romans",3,"N"
1089,1050,"Romans",4,"N"
1090,1051,"Romans",5,"N"
1091,1052,"Romans",6,"N"
1092,1053,"Romans",7,"N"
1093,1054,"Romans",8,"N"
1094,1055,"Romans",9,"N"
1095,1056,"Romans",10,"N"
1096,1057,"Romans",11,"N"
1097,1058,"Romans",12,"N"
1098,1059,"Romans",13,"N"
1099,1060,"Romans",14,"N"
1100,1061,"Romans",15,"N"
1101,1062,"Romans",16,"N"
1057,1063,"1 Corinthians",1,"N"
1058,1064,"1 Corinthians",2,"N"
1059,1065,"1 Corinthians",3,"N"
1060,1066,"1 Corinthians",4,"N"
1061,1067,"1 Corinthians",5,"N"
1062,1068,"1 Corinthians",6,"N"
1063,1069,"1 Corinthians",7,"N"
1064,1070,"1 Corinthians",8,"N"
1065,1071,"1 Corinthians",9,"N"
1066,1072,"1 Corinthians",10,"N"
1067,1073,"1 Corinthians",11,"N"
1068,1074,"1 Corinthians",12,"N"
1069,1075,"1 Corinthians",13,"N"
1070,1076,"1 Corinthians",14,"N"
1071,1077,"1 Corinthians",15,"N"
1072,1078,"1 Corinthians",16,"N"
1073,1079,"2 Corinthians",1,"N"
1074,1080,"2 Corinthians",2,"N"
1075,1081,"2 Corinthians",3,"N"
1076,1082,"2 Corinthians",4,"N"
1077,1083,"2 Corinthians",5,"N"
1078,1084,"2 Corinthians",6,"N"
1079,1085,"2 Corinthians",7,"N"
1080,1086,"2 Corinthians",8,"N"
1081,1087,"2 Corinthians",9,"N"
1082,1088,"2 Corinthians",10,"N"
1083,1089,"2 Corinthians",11,"N"
1084,1090,"2 Corinthians",12,"N"
1085,1091,"2 Corinthians",13,"N"
1040,1092,"Galatians",1,"N"
1041,1093,"Galatians",2,"N"
1042,1094,"Galatians",3,"N"
1043,1095,"Galatians",4,"N"
1044,1096,"Galatians",5,"N"
1045,1097,"Galatians",6,"N"
1116,1098,"Ephesians",1,"N"
1117,1099,"Ephesians",2,"N"
1118,1100,"Ephesians",3,"N"
1119,1101,"Ephesians",4,"N"
1120,1102,"Ephesians",5,"N"
1121,1103,"Ephesians",6,"N"
1122,1104,"Philippians",1,"N"
1123,1105,"Philippians",2,"N"
1124,1106,"Philippians",3,"N"
1125,1107,"Philippians",4,"N"
1111,1108,"Colossians",1,"N"
1112,1109,"Colossians",2,"N"
1113,1110,"Colossians",3,"N"
1114,1111,"Colossians",4,"N"
1047,1112,"1 Thessalonians",1,"N"
1048,1113,"1 Thessalonians",2,"N"
1049,1114,"1 Thessalonians",3,"N"
1050,1115,"1 Thessalonians",4,"N"
1051,1116,"1 Thessalonians",5,"N"
1052,1117,"2 Thessalonians",1,"N"
1053,1118,"2 Thessalonians",2,"N"
1054,1119,"2 Thessalonians",3,"N"
1126,1120,"1 Timothy",1,"N"
1127,1121,"1 Timothy",2,"N"
1128,1122,"1 Timothy",3,"N"
1129,1123,"1 Timothy",4,"N"
1130,1124,"1 Timothy",5,"N"
1131,1125,"1 Timothy",6,"N"
1153,1126,"2 Timothy",1,"N"
1154,1127,"2 Timothy",2,"N"
1155,1128,"2 Timothy",3,"N"
1156,1129,"2 Timothy",4,"N"
1132,1130,"Titus",1,"N"
1133,1131,"Titus",2,"N"
1134,1132,"Titus",3,"N"
1115,1133,"Philemon",1,"N"
1140,1134,"Hebrews",1,"N"
1141,1135,"Hebrews",2,"N"
1142,1136,"Hebrews",3,"N"
1143,1137,"Hebrews",4,"N"
1144,1138,"Hebrews",5,"N"
1145,1139,"Hebrews",6,"N"
1146,1140,"Hebrews",7,"N"
1147,1141,"Hebrews",8,"N"
1148,1142,"Hebrews",9,"N"
1149,1143,"Hebrews",10,"N"
1150,1144,"Hebrews",11,"N"
1151,1145,"Hebrews",12,"N"
1152,1146,"Hebrews",13,"N"
1033,1147,"James",1,"N"
1034,1148,"James",2,"N"
1035,1149,"James",3,"N"
1036,1150,"James",4,"N"
1037,1151,"James",5,"N"
1135,1152,"1 Peter",1,"N"
1136,1153,"1 Peter",2,"N"
1137,1154,"1 Peter",3,"N"
1138,1155,"1 Peter",4,"N"
1139,1156,"1 Peter",5,"N"
1157,1157,"2 Peter",1,"N"
1158,1158,"2 Peter",2,"N"
1159,1159,"2 Peter",3,"N"
1161,1160,"1 John",1,"N"
1162,1161,"1 John",2,"N"
1163,1162,"1 John",3,"N"
1164,1163,"1 John",4,"N"
1165,1164,"1 John",5,"N"
1166,1165,"2 John",1,"N"
1167,1166,"3 John",1,"N"
1160,1167,"Jude",1,"N"
1168,1168,"Revelation",1,"N"
1169,1169,"Revelation",2,"N"
1170,1170,"Revelation",3,"N"
1171,1171,"Revelation",4,"N"
1172,1172,"Revelation",5,"N"
1173,1173,"Revelation",6,"N"
1174,1174,"Revelation",7,"N"
1175,1175,"Revelation",8,"N"
1176,1176,"Revelation",9,"N"
1177,1177,"Revelation",10,"N"
1178,1178,"Revelation",11,"N"
1179,1179,"Revelation",12,"N"
1180,1180,"Revelation",13,"N"
1181,1181,"Revelation",14,"N"
1182,1182,"Revelation",15,"N"
1183,1183,"Revelation",16,"N"
1184,1184,"Revelation",17,"N"
1185,1185,"Revelation",18,"N"
1186,1186,"Revelation",19,"N"
1187,1187,"Revelation",20,"N"
1188,1188,"Revelation",21,"N"
1189,1189,"Revelation",22,"N"
